order_id,customer_id,order_date,product_category,quantity,unit_price_cents
1001,1,2024-08-01,Electronics,1,49999
1002,2,2024-08-01,Books,3,1299
1003,1,2024-08-02,Electronics,2,24999
1004,3,2024-08-02,Clothing,1,7999
1005,4,2024-08-03,Books,2,1599
1006,5,2024-08-03,Electronics,1,89999
1007,2,2024-08-04,Clothing,4,2499
1008,6,2024-08-04,Books,1,999
1009,7,2024-08-05,Electronics,1,34999
1010,8,2024-08-05,Clothing,2,3999
1011,9,2024-08-06,Books,5,899
1012,10,2024-08-06,Electronics,1,129999
1013,1,2024-08-07,Books,2,1199
1014,11,2024-08-07,Clothing,1,5999
1015,4,2024-08-08,Electronics,3,19999
1003,1,2024-08-09,Electronics,2,24999
1016,12,2024-08-08,Books,1,1499
